Job ID,Job Link,Resume Tried,Date listed,Date Tried,Assumed Reason,Stack Trace,External Job link,Screenshot Name
4111045081,https://www.linkedin.com/jobs/view/4111045081,Previous resume,2025-01-02 16:47:49.378462,2025-01-02 17:06:57.095194,Problem in Easy Applying,Job application discarded by user!,Easy Applied,Not Available
4112496744,https://www.linkedin.com/jobs/view/4112496744,AteebAhmad_AI.pdf,2025-01-07 13:08:25.427491,2025-01-07 13:34:45.275933,Problem in Easy Applying,Job application discarded by user!,Easy Applied,Not Available
4118503598,https://www.linkedin.com/jobs/view/4118503598,Pending,2025-01-07 14:27:32.794135,2025-01-07 14:51:33.014402,Found a Bad Word in About Job,"
About the job
Job Overview
We are seeking a highly experienced and motivated Senior AI Full Stack Developer to join our elite development team. The ideal candidate will possess extensive full stack development expertise, a deep understanding of artificial intelligence integration, and proficiency in utilizing AI-powered tools such as GitHub Copilot and Cursor to enhance productivity and code quality. This senior role requires leadership, strategic thinking, and the ability to drive complex projects from conception to deployment.

Key Responsibilities
Full Stack Development: Lead the design, development, and maintenance of robust web applications using both front-end and back-end technologies.
AI Tool Utilization: Expertly leverage AI-powered development tools like GitHub Copilot, Cursor, TabNine, and others to streamline coding processes, automate repetitive tasks, and enhance code quality and efficiency.
Architecture Design: Architect scalable and maintainable software solutions, ensuring best practices in software design, security, and performance.
Project Leadership: Lead and mentor a team of developers, providing guidance on best practices, code reviews, and the effective use of AI tools to maximize team productivity.
Collaboration: Work closely with cross-functional teams, including designers, product managers, data scientists, and other stakeholders to deliver high-quality software solutions that meet business objectives.
AI Integration: Integrate AI and machine learning models into applications, ensuring seamless functionality and optimal performance.
Continuous Improvement: Stay abreast of the latest advancements in full stack development and AI technologies, integrating relevant innovations into the development workflow.
Quality Assurance: Oversee the implementation of comprehensive testing strategies, including unit, integration, and end-to-end testing to ensure the reliability and performance of applications.
DevOps and Deployment: Collaborate with DevOps teams to establish and maintain CI/CD pipelines, ensuring smooth and efficient deployment processes.
Documentation: Maintain detailed and clear documentation for codebases, development processes, AI tool usage, and system architectures to support team knowledge and project continuity.
Performance Optimization: Identify and resolve performance bottlenecks, ensuring applications are optimized for speed, scalability, and reliability.

Qualifications
Education:
Bachelor’s or Master’s degree in Computer Science, Software Engineering, Artificial Intelligence, or a related field.

Experience:
Minimum 3+ years of experience as a Full Stack Developer, with at least 2+ years in a senior or lead role.
Proven experience in leveraging AI-powered development tools such as GitHub Copilot, Cursor, or similar platforms to enhance development workflows.
Demonstrated experience in integrating AI and machine learning models into full stack applications.

Technical Skills:
Front-End: Proficiency in HTML, CSS, JavaScript, and modern frameworks like React, Angular, or Vue.js.
Back-End: Strong skills in server-side languages and frameworks such as Node.js, Python (Django, Flask), Ruby on Rails, Java, or .NET.
Databases: Experience with both SQL and NoSQL databases (e.g., PostgreSQL, MySQL, MongoDB, Redis).
AI & Machine Learning: Familiarity with AI frameworks and tools (e.g., TensorFlow, PyTorch, Hugging Face Transformers).
DevOps: Knowledge of CI/CD pipelines, containerization (Docker), and orchestration tools (Kubernetes).
Version Control: Expertise with Git and collaborative development workflows.
Cloud Platforms: Experience with AWS, Google Cloud, Azure, or similar cloud services.
API Development: Strong experience in designing and consuming RESTful and GraphQL APIs.
Security: Understanding of web security best practices and implementation.

Soft Skills:
Leadership: Proven ability to lead and mentor a development team, fostering a collaborative and high-performing environment.
Problem-Solving: Excellent analytical and troubleshooting skills with a proactive approach to identifying and resolving issues.
Communication: Strong verbal and written communication skills, with the ability to convey complex technical concepts to non-technical stakeholders.
Adaptability: Ability to thrive in a fast-paced, dynamic environment and adapt to changing priorities.
Innovation: Creative mindset with a passion for exploring new technologies and methodologies to drive continuous improvement.

Contains bad word "".NET"". Skipping this job!
",Skipped,Not Available
4118500893,https://www.linkedin.com/jobs/view/4118500893,AteebAhmad_AI.pdf,2025-01-07 14:19:36.352208,2025-01-07 14:58:13.800895,Problem in Easy Applying,Job application discarded by user!,Easy Applied,Not Available
4118505195,https://www.linkedin.com/jobs/view/4118505195,AteebAhmad_AI.pdf,2025-01-07 14:09:17.784392,2025-01-07 14:58:24.745693,Problem in Easy Applying,Job application discarded by user!,Easy Applied,Not Available
